"year","quarter","day_of_week_num","day_of_week_label","hour_of_day","arrivals_n","hours_observed","arrival_rate_per_hour","interarrival_n","mean_interarrival_min","median_interarrival_min","p75_interarrival_min","p90_interarrival_min","p95_interarrival_min","sd_interarrival_min","min_interarrival_min","max_interarrival_min"
"2025","1","1","Monday","0","57","13","4.3846","57","13.89","10.50","21.00","28.00","29.80","10.18","1.00","40.00"
"2025","1","1","Monday","1","63","13","4.8462","62","13.10","11.00","16.75","28.46","37.73","11.33","0.37","58.00"
"2025","1","1","Monday","2","47","13","3.6154","47","16.00","13.80","22.50","35.26","44.20","13.62","1.00","54.00"
"2025","1","1","Monday","3","36","13","2.7692","36","17.83","13.00","24.00","36.00","47.49","17.76","1.85","89.00"
"2025","1","1","Monday","4","40","13","3.0769","40","21.05","13.00","28.91","53.96","66.82","20.63","1.00","80.00"
"2025","1","1","Monday","5","40","13","3.0769","39","17.77","12.00","25.00","37.60","54.60","17.79","1.00","70.00"
"2025","1","1","Monday","6","30","13","2.3077","30","27.10","18.50","35.75","50.40","92.55","27.43","1.00","104.00"
"2025","1","1","Monday","7","52","13","4.0000","51","17.65","10.00","21.12","47.00","63.00","20.23","0.03","77.00"
"2025","1","1","Monday","8","100","13","7.6923","100","8.28","5.00","9.00","15.22","24.05","10.41","0.45","67.00"
"2025","1","1","Monday","9","135","13","10.3846","132","6.43","4.00","8.00","15.90","18.45","6.34","0.05","47.00"
"2025","1","1","Monday","10","183","13","14.0769","179","4.35","3.00","5.00","9.03","12.00","3.95","0.07","29.00"
"2025","1","1","Monday","11","185","13","14.2308","183","4.26","3.00","5.00","9.00","12.00","3.95","0.07","31.00"
"2025","1","1","Monday","12","167","13","12.8462","161","4.53","3.00","6.00","10.00","12.00","3.87","0.08","24.00"
"2025","1","1","Monday","13","172","13","13.2308","166","5.16","3.00","6.00","10.50","12.00","5.17","0.05","35.00"
"2025","1","1","Monday","14","131","13","10.0769","130","5.87","4.00","6.75","11.55","17.06","5.74","0.38","38.00"
"2025","1","1","Monday","15","150","13","11.5385","150","5.25","3.00","6.00","11.00","17.00","4.67","1.00","25.00"
"2025","1","1","Monday","16","140","13","10.7692","139","5.41","4.00","7.00","13.00","16.00","4.51","0.17","20.85"
"2025","1","1","Monday","17","145","13","11.1538","143","5.48","4.00","7.00","11.00","15.90","5.07","0.27","28.00"
"2025","1","1","Monday","18","145","13","11.1538","139","5.50","3.00","6.00","11.20","18.05","5.96","0.65","35.00"
"2025","1","1","Monday","19","150","13","11.5385","147","5.57","4.00","7.00","12.00","14.00","5.49","0.33","45.00"
"2025","1","1","Monday","20","105","13","8.0769","104","7.07","5.00","10.00","16.40","20.85","6.47","0.38","31.00"
"2025","1","1","Monday","21","95","13","7.3077","93","8.54","7.00","12.00","16.95","21.80","6.43","0.18","29.00"
"2025","1","1","Monday","22","77","13","5.9231","77","9.42","8.00","14.00","19.40","25.00","7.07","1.00","28.00"
"2025","1","1","Monday","23","61","13","4.6923","61","11.08","7.00","13.00","23.00","33.00","12.75","1.00","85.00"
"2025","1","2","Tuesday","0","54","12","4.5000","54","13.31","8.50","20.00","31.50","37.75","12.41","1.00","54.00"
"2025","1","2","Tuesday","1","32","12","2.6667","31","19.74","13.00","30.00","37.00","51.50","17.49","1.00","71.00"
"2025","1","2","Tuesday","2","44","12","3.6667","43","21.51","16.00","25.50","51.97","57.70","20.2","1.00","92.00"
"2025","1","2","Tuesday","3","34","12","2.8333","34","16.69","13.50","21.25","30.40","48.96","13.44","2.00","54.00"
"2025","1","2","Tuesday","4","30","12","2.5000","30","18.88","12.00","28.75","41.80","49.55","19.09","1.00","86.00"
"2025","1","2","Tuesday","5","40","12","3.3333","39","23.41","13.00","33.00","56.80","67.90","24.6","2.00","99.42"
"2025","1","2","Tuesday","6","38","12","3.1667","37","17.65","10.00","24.00","41.00","53.00","17.03","1.00","64.00"
"2025","1","2","Tuesday","7","45","12","3.7500","44","18.50","13.00","22.75","47.40","50.00","17.21","1.00","73.93"
"2025","1","2","Tuesday","8","77","12","6.4167","76","11.14","8.82","15.00","21.00","23.19","10.69","0.28","66.00"
"2025","1","2","Tuesday","9","108","12","9.0000","105","6.74","5.00","8.00","14.96","19.00","6.1","0.25","31.00"
"2025","1","2","Tuesday","10","156","12","13.0000","154","4.78","3.00","5.00","9.00","13.09","5.1","0.48","35.00"
"2025","1","2","Tuesday","11","148","12","12.3333","144","5.05","4.00","6.00","11.00","14.00","4.8","0.80","38.00"
"2025","1","2","Tuesday","12","153","12","12.7500","152","4.87","3.67","5.00","10.00","13.00","4.75","0.43","29.00"
"2025","1","2","Tuesday","13","144","12","12.0000","139","5.00","4.00","6.00","9.00","12.93","4.05","0.33","23.00"
"2025","1","2","Tuesday","14","136","12","11.3333","136","5.25","4.00","5.03","11.50","16.25","4.8","0.58","25.00"
"2025","1","2","Tuesday","15","128","12","10.6667","126","5.63","4.00","7.00","12.00","15.75","4.69","0.38","31.00"
"2025","1","2","Tuesday","16","112","12","9.3333","110","6.58","4.00","8.75","14.00","21.65","6.54","0.03","35.00"
"2025","1","2","Tuesday","17","136","12","11.3333","132","5.54","4.00","7.00","11.00","13.45","4.95","0.20","34.00"
"2025","1","2","Tuesday","18","146","12","12.1667","141","5.02","3.77","6.60","10.00","13.00","4.62","0.28","32.00"
"2025","1","2","Tuesday","19","139","12","11.5833","139","5.39","4.00","6.73","12.00","14.20","4.6","0.57","26.00"
"2025","1","2","Tuesday","20","120","12","10.0000","117","5.95","4.00","8.00","14.40","17.20","5.32","0.60","27.00"
"2025","1","2","Tuesday","21","94","12","7.8333","93","7.38","5.20","9.95","17.00","19.73","6","0.20","25.00"
"2025","1","2","Tuesday","22","78","12","6.5000","78","9.01","7.50","12.00","18.17","22.30","6.57","1.00","28.00"
"2025","1","2","Tuesday","23","72","12","6.0000","72","10.28","7.00","13.25","21.90","29.19","8.9","0.05","42.00"
"2025","1","3","Wednesday","0","53","13","4.0769","51","11.34","10.00","15.00","22.00","31.00","9.43","1.00","40.00"
"2025","1","3","Wednesday","1","52","13","4.0000","52","16.27","11.08","24.00","40.10","45.25","15.67","1.00","76.00"
"2025","1","3","Wednesday","2","30","13","2.3077","30","26.52","18.00","34.50","55.67","65.72","23.74","1.00","105.75"
"2025","1","3","Wednesday","3","34","13","2.6154","34","20.09","18.00","31.00","36.70","43.75","15.7","1.00","71.00"
"2025","1","3","Wednesday","4","41","13","3.1538","41","18.55","14.00","24.00","47.00","52.00","19.45","0.35","96.00"
"2025","1","3","Wednesday","5","32","13","2.4615","31","22.05","13.00","34.00","53.00","62.46","21.76","1.00","85.00"
"2025","1","3","Wednesday","6","33","13","2.5385","33","27.38","19.00","37.00","70.60","90.40","29.67","1.00","120.00"
"2025","1","3","Wednesday","7","51","13","3.9231","51","19.49","14.00","23.00","47.00","58.50","18.64","2.00","82.00"
"2025","1","3","Wednesday","8","79","13","6.0769","79","9.96","6.00","13.50","23.60","28.40","9.3","0.20","41.00"
"2025","1","3","Wednesday","9","113","13","8.6923","112","7.27","5.00","8.25","16.90","20.90","6.62","1.00","30.00"
"2025","1","3","Wednesday","10","134","13","10.3077","132","5.53","4.00","7.00","12.00","14.45","4.48","0.25","24.00"
"2025","1","3","Wednesday","11","155","13","11.9231","152","5.32","4.00","7.00","11.00","15.45","5.1","0.07","36.00"
"2025","1","3","Wednesday","12","133","13","10.2308","131","5.73","4.00","7.00","13.00","16.50","5.01","0.05","25.00"
"2025","1","3","Wednesday","13","149","13","11.4615","147","5.48","3.00","6.37","11.73","19.72","5.34","0.25","28.00"
"2025","1","3","Wednesday","14","133","13","10.2308","131","5.67","4.00","7.00","11.00","14.00","4.76","1.00","33.00"
"2025","1","3","Wednesday","15","137","13","10.5385","135","6.07","4.00","8.00","12.09","17.60","5.58","0.85","33.00"
"2025","1","3","Wednesday","16","142","13","10.9231","138","5.47","4.00","7.00","11.30","13.15","4","0.22","23.00"
"2025","1","3","Wednesday","17","122","13","9.3846","121","6.72","4.87","9.00","14.00","20.00","6.35","1.00","33.00"
"2025","1","3","Wednesday","18","143","13","11.0000","140","5.55","4.00","7.00","12.26","15.03","4.78","0.02","23.00"
"2025","1","3","Wednesday","19","144","13","11.0769","141","5.68","4.00","7.00","11.00","15.00","5.13","0.27","30.00"
"2025","1","3","Wednesday","20","105","13","8.0769","102","6.87","5.00","10.75","15.99","17.97","5.68","0.32","25.00"
"2025","1","3","Wednesday","21","97","13","7.4615","93","8.81","5.42","12.00","21.60","25.00","9.43","0.98","52.00"
"2025","1","3","Wednesday","22","90","13","6.9231","89","7.69","5.00","11.00","18.77","20.00","6.42","0.28","28.00"
"2025","1","3","Wednesday","23","73","13","5.6154","71","12.00","8.00","15.33","32.00","35.88","11.59","0.25","46.00"
"2025","1","4","Thursday","0","60","13","4.6154","59","12.37","8.63","17.50","25.00","29.70","11.58","1.00","65.13"
"2025","1","4","Thursday","1","44","13","3.3846","43","14.66","10.00","21.39","28.05","43.62","12.61","0.20","52.00"
"2025","1","4","Thursday","2","38","13","2.9231","37","19.23","9.82","23.00","36.90","59.20","25.9","2.00","142.63"
"2025","1","4","Thursday","3","43","13","3.3077","43","22.67","16.00","24.00","62.21","75.46","26.77","0.65","136.00"
"2025","1","4","Thursday","4","27","13","2.0769","27","21.92","12.73","32.80","52.75","58.61","20.41","1.00","74.00"
"2025","1","4","Thursday","5","31","13","2.3846","31","29.00","18.00","46.36","69.00","74.34","25.16","2.68","94.00"
"2025","1","4","Thursday","6","44","13","3.3846","44","19.09","11.23","28.25","42.16","51.67","17.68","0.37","70.00"
"2025","1","4","Thursday","7","49","13","3.7692","49","15.56","11.00","19.72","32.95","47.20","15.21","1.00","66.00"
"2025","1","4","Thursday","8","78","13","6.0000","78","11.45","7.00","14.00","24.28","32.30","11.39","0.35","55.00"
"2025","1","4","Thursday","9","130","13","10.0000","126","6.37","4.00","7.00","14.40","20.00","5.72","0.87","29.00"
"2025","1","4","Thursday","10","144","13","11.0769","144","5.59","4.00","6.89","12.00","14.93","4.82","1.00","33.00"
"2025","1","4","Thursday","11","151","13","11.6154","148","5.33","4.00","7.25","10.00","14.00","4.22","0.55","24.00"
"2025","1","4","Thursday","12","155","13","11.9231","151","5.07","4.00","6.03","11.00","13.00","4.12","0.48","23.00"
"2025","1","4","Thursday","13","152","13","11.6923","148","5.20","3.00","7.00","13.00","16.00","4.45","0.10","19.80"
"2025","1","4","Thursday","14","132","13","10.1538","131","6.00","4.00","7.00","12.00","17.00","6.04","0.20","42.00"
"2025","1","4","Thursday","15","138","13","10.6154","137","5.36","3.00","6.00","11.00","16.20","5.76","0.35","37.00"
"2025","1","4","Thursday","16","123","13","9.4615","123","6.44","4.00","8.50","13.87","17.80","6.02","0.02","31.00"
"2025","1","4","Thursday","17","154","13","11.8462","149","5.63","4.00","6.00","13.00","15.60","5.75","0.05","38.00"
"2025","1","4","Thursday","18","136","13","10.4615","131","5.73","4.00","7.35","12.00","14.13","4.51","0.20","22.00"
"2025","1","4","Thursday","19","151","13","11.6154","147","5.33","4.00","7.00","11.40","15.00","4.53","0.22","23.00"
"2025","1","4","Thursday","20","141","13","10.8462","136","5.68","4.00","7.07","11.50","14.29","4.47","0.70","25.00"
"2025","1","4","Thursday","21","108","13","8.3077","105","7.54","6.00","10.00","15.47","19.80","6.79","0.05","43.00"
"2025","1","4","Thursday","22","88","13","6.7692","88","8.01","5.00","12.00","16.30","20.06","8.03","0.83","47.00"
"2025","1","4","Thursday","23","73","13","5.6154","72","10.99","8.50","15.25","23.90","31.90","9.86","0.15","52.00"
"2025","1","5","Friday","0","58","13","4.4615","58","13.07","10.00","18.00","28.10","35.15","10.74","1.00","39.00"
"2025","1","5","Friday","1","48","13","3.6923","47","15.99","10.52","23.50","34.40","38.00","14.34","0.13","64.47"
"2025","1","5","Friday","2","32","13","2.4615","32","18.83","19.43","26.75","34.90","39.31","13.52","0.72","51.00"
"2025","1","5","Friday","3","30","13","2.3077","29","25.84","21.00","36.00","51.74","63.88","21","1.57","86.00"
"2025","1","5","Friday","4","38","13","2.9231","37","24.35","15.00","32.87","51.60","62.40","26.71","1.00","138.00"
"2025","1","5","Friday","5","34","13","2.6154","34","24.17","21.42","32.75","46.60","59.65","21.57","2.00","104.00"
"2025","1","5","Friday","6","35","13","2.6923","35","22.27","15.00","27.58","56.02","59.60","19.91","3.00","82.00"
"2025","1","5","Friday","7","57","13","4.3846","57","13.78","9.83","21.70","32.40","35.20","11.45","1.00","43.00"
"2025","1","5","Friday","8","102","13","7.8462","99","9.21","6.00","12.00","21.20","24.60","9.81","0.65","62.00"
"2025","1","5","Friday","9","135","13","10.3846","131","6.28","4.00","8.00","13.00","19.00","6.21","0.03","43.00"
"2025","1","5","Friday","10","173","13","13.3077","166","4.52","3.00","5.62","9.00","12.61","3.71","0.28","19.00"
"2025","1","5","Friday","11","157","13","12.0769","153","4.86","4.00","6.00","8.80","13.00","4.11","0.45","25.00"
"2025","1","5","Friday","12","154","13","11.8462","152","5.34","4.00","7.00","11.00","13.45","4.56","0.42","29.00"
"2025","1","5","Friday","13","140","13","10.7692","135","5.74","4.00","7.00","12.00","16.30","5.02","1.00","28.00"
"2025","1","5","Friday","14","140","13","10.7692","134","6.05","4.00","7.93","13.68","17.00","5.65","0.10","34.00"
"2025","1","5","Friday","15","139","13","10.6923","137","5.33","4.00","6.00","9.14","13.20","4.42","0.10","27.00"
"2025","1","5","Friday","16","144","13","11.0769","141","5.68","4.00","6.00","12.00","15.00","6.14","0.95","39.00"
"2025","1","5","Friday","17","144","13","11.0769","139","5.68","4.00","7.10","11.01","15.10","4.31","0.13","21.80"
"2025","1","5","Friday","18","138","13","10.6154","136","5.64","4.00","7.10","13.00","15.25","4.67","0.18","20.20"
"2025","1","5","Friday","19","145","13","11.1538","142","5.68","4.00","6.00","14.00","15.96","4.88","0.10","25.00"
"2025","1","5","Friday","20","132","13","10.1538","129","6.20","4.00","9.00","13.20","15.00","5.51","0.10","31.00"
"2025","1","5","Friday","21","107","13","8.2308","106","6.60","5.00","9.00","15.00","19.00","5.89","0.10","29.00"
"2025","1","5","Friday","22","78","13","6.0000","75","10.24","8.00","15.48","21.00","25.80","8.52","0.33","41.00"
"2025","1","5","Friday","23","77","13","5.9231","75","9.84","5.98","9.61","24.00","34.20","12.98","0.17","73.00"
"2025","1","6","Saturday","0","74","13","5.6923","74","11.28","7.50","14.00","25.00","32.46","11.99","0.47","77.00"
"2025","1","6","Saturday","1","48","13","3.6923","48","14.00","10.11","24.00","29.60","38.49","14.01","0.35","70.00"
"2025","1","6","Saturday","2","62","13","4.7692","60","14.27","10.73","18.50","30.10","36.75","14.21","0.82","76.78"
"2025","1","6","Saturday","3","33","13","2.5385","32","19.93","18.50","26.25","43.94","50.60","15.58","1.03","61.00"
"2025","1","6","Saturday","4","39","13","3.0000","39","22.11","14.00","30.50","49.63","58.50","21.85","0.32","101.00"
"2025","1","6","Saturday","5","39","13","3.0000","38","17.72","15.00","22.75","40.50","42.75","13.6","1.00","59.00"
"2025","1","6","Saturday","6","40","13","3.0769","40","21.79","15.50","33.25","38.10","47.35","21.72","0.15","112.00"
"2025","1","6","Saturday","7","42","13","3.2308","42","16.76","9.63","26.50","33.94","48.40","16.44","1.00","74.00"
"2025","1","6","Saturday","8","72","13","5.5385","70","12.52","8.00","17.00","28.10","32.55","13.86","0.82","83.00"
"2025","1","6","Saturday","9","88","13","6.7692","87","10.32","7.00","13.78","21.00","29.10","10.84","0.13","64.00"
"2025","1","6","Saturday","10","133","13","10.2308","128","6.05","4.00","7.00","11.00","19.65","6.82","0.37","42.00"
"2025","1","6","Saturday","11","138","13","10.6154","137","5.80","4.00","8.00","13.00","16.61","5.31","0.20","32.00"
"2025","1","6","Saturday","12","121","13","9.3077","120","6.36","4.00","7.00","13.15","19.25","6.86","1.00","42.00"
"2025","1","6","Saturday","13","146","13","11.2308","143","5.66","4.00","7.00","12.00","15.90","5.13","1.00","37.00"
"2025","1","6","Saturday","14","155","13","11.9231","151","5.11","3.00","7.00","10.00","15.00","4.68","0.05","32.00"
"2025","1","6","Saturday","15","122","13","9.3846","121","6.27","4.00","8.00","14.00","18.00","5.7","0.17","28.00"
"2025","1","6","Saturday","16","125","13","9.6154","122","6.55","5.00","8.54","11.93","18.00","6.44","0.23","40.00"
"2025","1","6","Saturday","17","109","13","8.3846","104","7.20","5.00","10.00","15.00","16.85","6.58","0.88","33.00"
"2025","1","6","Saturday","18","130","13","10.0000","128","6.16","4.00","8.00","12.56","20.60","6.6","0.05","34.37"
"2025","1","6","Saturday","19","125","13","9.6154","123","6.48","4.43","8.00","14.60","21.90","6.71","0.08","42.00"
"2025","1","6","Saturday","20","112","13","8.6154","112","6.92","4.34","8.25","15.00","21.90","6.65","0.30","32.00"
"2025","1","6","Saturday","21","101","13","7.7692","101","7.66","5.00","11.00","17.00","20.08","6.68","0.85","32.00"
"2025","1","6","Saturday","22","106","13","8.1538","104","7.52","5.00","10.33","16.00","21.85","7.17","0.43","38.00"
"2025","1","6","Saturday","23","76","13","5.8462","74","10.01","6.54","16.14","22.00","24.91","8.76","0.45","39.00"
"2025","1","7","Sunday","0","72","13","5.5385","71","10.65","8.00","14.59","25.00","30.70","9.39","0.48","44.00"
"2025","1","7","Sunday","1","59","13","4.5385","58","13.40","10.19","19.75","30.30","36.00","11.15","0.73","43.00"
"2025","1","7","Sunday","2","46","13","3.5385","46","15.79","10.64","23.98","37.00","47.75","17.01","0.13","82.38"
"2025","1","7","Sunday","3","48","13","3.6923","48","16.57","13.00","24.42","38.27","50.15","15.72","1.00","64.00"
"2025","1","7","Sunday","4","31","13","2.3846","31","21.82","16.00","28.50","48.00","68.00","21.84","1.00","90.00"
"2025","1","7","Sunday","5","26","13","2.0000","26","30.36","26.18","55.51","59.21","64.35","23.35","1.38","71.00"
"2025","1","7","Sunday","6","45","13","3.4615","45","18.80","11.00","23.00","43.00","54.00","21.97","1.00","121.00"
"2025","1","7","Sunday","7","77","13","5.9231","76","11.51","7.00","16.00","29.50","35.25","12.42","0.35","60.00"
"2025","1","7","Sunday","8","83","13","6.3846","82","9.58","6.08","14.00","19.90","22.95","8.24","1.00","47.00"
"2025","1","7","Sunday","9","95","13","7.3077","95","8.27","5.58","12.00","15.83","25.90","7.9","0.22","40.00"
"2025","1","7","Sunday","10","127","13","9.7692","124","6.53","4.00","7.00","14.70","19.70","6.73","0.22","48.00"
"2025","1","7","Sunday","11","126","13","9.6923","125","6.02","4.02","8.00","12.60","15.00","5.55","0.43","35.00"
"2025","1","7","Sunday","12","134","13","10.3077","134","5.98","4.00","7.00","12.95","18.29","6.49","0.02","46.00"
"2025","1","7","Sunday","13","112","13","8.6154","109","7.16","4.08","10.63","16.00","20.55","7.38","0.37","47.00"
"2025","1","7","Sunday","14","131","13","10.0769","128","6.06","4.00","6.05","12.85","19.30","5.88","0.32","35.00"
"2025","1","7","Sunday","15","116","13","8.9231","113","6.89","4.00","9.00","14.80","18.40","6.58","0.25","34.00"
"2025","1","7","Sunday","16","118","13","9.0769","116","6.76","4.00","10.00","16.00","20.25","6.35","0.15","29.00"
"2025","1","7","Sunday","17","101","13","7.7692","98","7.92","6.00","12.00","15.60","20.15","6.48","1.00","32.00"
"2025","1","7","Sunday","18","121","13","9.3077","119","6.71","4.00","9.00","13.24","19.10","6.36","0.67","33.00"
"2025","1","7","Sunday","19","120","13","9.2308","119","6.50","4.00","8.85","13.00","20.00","7.81","0.12","66.17"
"2025","1","7","Sunday","20","101","13","7.7692","100","7.37","5.62","9.00","15.10","21.10","7.25","0.22","44.00"
"2025","1","7","Sunday","21","97","13","7.4615","95","8.31","6.87","10.50","16.60","21.28","7.15","0.05","36.00"
"2025","1","7","Sunday","22","75","13","5.7692","74","10.21","6.00","15.00","23.96","30.35","9.63","1.00","45.05"
"2025","1","7","Sunday","23","69","13","5.3077","68","10.76","8.00","16.00","24.13","27.65","9.13","1.00","45.00"
"2025","2","1","Monday","0","77","13","5.9231","77","9.93","5.13","12.00","21.80","38.60","10.53","0.40","45.00"
"2025","2","1","Monday","1","51","13","3.9231","49","16.16","13.00","21.58","32.14","45.20","13.64","0.78","64.00"
"2025","2","1","Monday","2","39","13","3.0000","39","16.88","13.00","24.00","37.20","39.00","15.55","0.15","76.00"
"2025","2","1","Monday","3","29","13","2.2308","29","27.73","22.00","41.00","73.42","79.65","26.36","1.50","97.73"
"2025","2","1","Monday","4","33","13","2.5385","33","23.56","20.22","35.00","44.80","55.53","16.64","1.80","60.00"
"2025","2","1","Monday","5","32","13","2.4615","32","22.56","17.00","28.00","50.11","62.44","21.94","1.27","101.60"
"2025","2","1","Monday","6","42","13","3.2308","42","21.50","10.50","33.25","52.10","74.00","26.54","1.00","128.08"
"2025","2","1","Monday","7","77","13","5.9231","77","11.74","9.00","14.00","22.40","29.80","13.23","0.08","80.00"
"2025","2","1","Monday","8","95","13","7.3077","94","8.40","6.00","11.00","16.70","23.35","7.37","1.00","41.00"
"2025","2","1","Monday","9","131","13","10.0769","130","6.27","5.00","8.00","13.10","17.00","5","0.02","24.00"
"2025","2","1","Monday","10","181","13","13.9231","174","4.49","3.00","5.58","9.00","11.00","3.74","0.68","26.00"
"2025","2","1","Monday","11","190","13","14.6154","186","4.35","3.00","5.00","8.50","13.65","3.87","0.10","23.00"
"2025","2","1","Monday","12","147","13","11.3077","145","5.18","3.00","6.00","11.00","13.85","4.63","0.08","28.00"
"2025","2","1","Monday","13","150","13","11.5385","144","5.55","4.00","8.00","11.70","15.70","5.15","0.27","30.00"
"2025","2","1","Monday","14","163","13","12.5385","159","4.77","3.00","6.50","10.04","14.00","4.14","0.22","26.00"
"2025","2","1","Monday","15","161","13","12.3846","156","5.03","4.00","6.00","11.00","14.50","4.24","0.18","22.00"
"2025","2","1","Monday","16","158","13","12.1538","152","5.09","4.00","6.00","9.50","13.45","4.44","0.25","30.00"
"2025","2","1","Monday","17","123","13","9.4615","123","6.47","4.00","9.00","14.00","18.90","5.85","0.10","25.42"
"2025","2","1","Monday","18","139","13","10.6923","136","5.72","4.00","8.00","13.00","14.83","4.9","0.32","28.32"
"2025","2","1","Monday","19","130","13","10.0000","128","6.04","4.18","9.00","12.15","16.82","4.75","0.50","20.68"
"2025","2","1","Monday","20","128","13","9.8462","126","5.69","4.00","7.00","13.00","16.00","5.21","0.07","32.00"
"2025","2","1","Monday","21","118","13","9.0769","118","6.57","4.25","9.00","13.30","17.30","5.6","0.05","33.00"
"2025","2","1","Monday","22","108","13","8.3077","108","7.56","6.00","10.00","17.59","19.48","6.61","0.13","33.00"
"2025","2","1","Monday","23","77","13","5.9231","76","9.21","7.50","12.00","20.00","29.25","8.68","1.00","40.00"
"2025","2","2","Tuesday","0","60","13","4.6154","60","12.55","7.50","16.00","28.30","44.10","13.87","0.08","71.00"
"2025","2","2","Tuesday","1","34","13","2.6154","34","23.75","21.50","36.80","46.40","58.50","18.86","0.15","66.00"
"2025","2","2","Tuesday","2","46","13","3.5385","46","15.34","10.00","19.24","42.77","51.15","15.51","0.28","56.00"
"2025","2","2","Tuesday","3","34","13","2.6154","34","17.82","11.83","26.04","41.84","51.81","16.62","1.25","59.00"
"2025","2","2","Tuesday","4","29","13","2.2308","29","31.96","25.60","52.00","74.50","79.81","27.44","1.00","89.28"
"2025","2","2","Tuesday","5","35","13","2.6923","35","22.53","18.70","37.50","48.80","51.99","18.09","1.13","66.00"
"2025","2","2","Tuesday","6","47","13","3.6154","47","18.55","10.00","25.95","50.15","64.94","21.67","0.10","85.00"
"2025","2","2","Tuesday","7","44","13","3.3846","44","17.02","11.50","26.25","40.05","45.55","15.79","0.18","62.00"
"2025","2","2","Tuesday","8","99","13","7.6154","97","9.67","7.00","11.43","18.00","31.00","10.75","1.00","64.00"
"2025","2","2","Tuesday","9","111","13","8.5385","107","7.07","5.00","9.00","14.77","17.00","6.41","0.52","40.00"
"2025","2","2","Tuesday","10","144","13","11.0769","140","5.75","4.00","8.00","12.00","14.10","4.94","0.03","33.10"
"2025","2","2","Tuesday","11","182","13","14.0000","177","4.50","3.00","5.00","10.11","13.20","3.97","0.18","23.00"
"2025","2","2","Tuesday","12","162","13","12.4615","162","4.70","3.00","6.00","9.90","14.95","4.1","1.00","20.10"
"2025","2","2","Tuesday","13","149","13","11.4615","146","5.45","4.00","7.00","11.50","15.00","4.79","0.05","31.00"
"2025","2","2","Tuesday","14","157","13","12.0769","154","5.12","4.00","6.00","11.00","14.35","4.28","0.02","22.00"
"2025","2","2","Tuesday","15","142","13","10.9231","141","5.59","4.00","6.00","12.00","16.00","5.31","0.83","34.00"
"2025","2","2","Tuesday","16","140","13","10.7692","138","5.16","4.00","6.81","11.30","14.00","4.27","0.07","23.00"
"2025","2","2","Tuesday","17","154","13","11.8462","152","5.35","4.00","7.00","11.90","16.59","5.05","0.03","31.00"
"2025","2","2","Tuesday","18","141","13","10.8462","139","5.58","4.00","8.00","12.00","14.00","4.33","0.03","22.95"
"2025","2","2","Tuesday","19","136","13","10.4615","133","5.97","4.00","8.12","13.00","17.00","5.47","0.65","30.00"
"2025","2","2","Tuesday","20","112","13","8.6154","110","7.05","5.00","9.88","16.00","18.10","5.61","0.38","25.00"
"2025","2","2","Tuesday","21","110","13","8.4615","109","6.83","4.65","9.00","15.20","18.60","6.34","0.07","36.00"
"2025","2","2","Tuesday","22","98","13","7.5385","96","8.03","6.00","11.00","15.83","21.66","7.87","0.85","55.35"
"2025","2","2","Tuesday","23","85","13","6.5385","85","8.15","5.00","11.00","17.60","27.62","8.28","0.08","41.00"
"2025","2","3","Wednesday","0","59","13","4.5385","58","14.06","10.00","20.75","27.00","39.89","12.07","0.50","50.00"
"2025","2","3","Wednesday","1","50","13","3.8462","50","16.72","11.00","26.75","36.40","53.65","16.69","0.12","69.00"
"2025","2","3","Wednesday","2","31","13","2.3846","31","18.82","16.65","25.76","39.83","41.43","12.55","2.00","49.00"
"2025","2","3","Wednesday","3","31","13","2.3846","30","27.32","20.33","37.25","75.00","75.50","23.95","1.00","91.00"
"2025","2","3","Wednesday","4","40","13","3.0769","40","21.07","18.50","32.25","48.56","52.18","18.55","2.20","79.00"
"2025","2","3","Wednesday","5","28","13","2.1538","28","24.82","22.50","32.00","48.30","50.95","14.65","2.00","57.00"
"2025","2","3","Wednesday","6","31","13","2.3846","31","25.00","18.00","34.00","54.00","67.50","23.55","0.87","100.98"
"2025","2","3","Wednesday","7","43","13","3.3077","43","19.74","12.92","26.50","43.00","78.10","21.94","0.08","86.03"
"2025","2","3","Wednesday","8","92","13","7.0769","91","9.79","6.00","12.08","21.00","36.00","10.92","0.08","52.00"
"2025","2","3","Wednesday","9","127","13","9.7692","124","6.48","4.00","8.00","14.00","18.00","6.66","0.53","52.00"
"2025","2","3","Wednesday","10","133","13","10.2308","131","5.87","4.00","7.00","12.00","18.71","5.56","0.03","27.00"
"2025","2","3","Wednesday","11","171","13","13.1538","164","4.78","3.00","6.00","9.70","12.00","4.16","0.22","32.00"
"2025","2","3","Wednesday","12","149","13","11.4615","146","5.43","4.00","7.00","11.00","13.98","4.74","0.15","32.00"
"2025","2","3","Wednesday","13","164","13","12.6154","161","4.86","3.00","5.00","11.00","16.00","4.64","0.32","25.00"
"2025","2","3","Wednesday","14","150","13","11.5385","147","5.38","4.00","7.00","12.40","15.00","4.88","0.57","33.00"
"2025","2","3","Wednesday","15","135","13","10.3846","133","5.91","4.00","9.00","13.60","15.45","4.72","0.10","24.00"
"2025","2","3","Wednesday","16","149","13","11.4615","147","5.16","3.00","6.21","12.00","15.70","4.85","0.23","26.00"
"2025","2","3","Wednesday","17","135","13","10.3846","133","5.77","4.00","7.00","14.04","16.40","5.59","0.30","36.00"
"2025","2","3","Wednesday","18","150","13","11.5385","147","5.50","4.00","7.00","12.00","13.07","3.91","1.00","18.00"
"2025","2","3","Wednesday","19","130","13","10.0000","129","6.15","4.00","8.00","14.00","20.00","5.95","0.13","33.00"
"2025","2","3","Wednesday","20","115","13","8.8462","110","6.33","4.00","7.00","14.00","15.55","7.42","0.57","61.00"
"2025","2","3","Wednesday","21","108","13","8.3077","108","7.54","4.50","9.00","19.30","23.65","8.4","0.12","52.00"
"2025","2","3","Wednesday","22","99","13","7.6154","98","7.84","6.50","10.00","15.00","20.21","5.87","0.88","32.00"
"2025","2","3","Wednesday","23","74","13","5.6923","72","10.73","7.45","15.54","24.90","30.00","8.93","0.23","34.63"
"2025","2","4","Thursday","0","58","13","4.4615","55","12.61","9.00","15.00","30.00","32.60","10.87","1.00","53.00"
"2025","2","4","Thursday","1","41","13","3.1538","41","15.90","13.00","23.08","35.48","38.00","13.65","1.47","55.00"
"2025","2","4","Thursday","2","26","13","2.0000","25","26.93","17.00","34.00","61.40","75.40","24.35","2.00","96.63"
"2025","2","4","Thursday","3","39","13","3.0000","38","22.09","13.19","26.75","48.10","63.05","24.57","1.00","122.00"
"2025","2","4","Thursday","4","24","13","1.8462","24","31.00","25.50","31.25","68.00","85.45","36.12","2.00","165.00"
"2025","2","4","Thursday","5","25","13","1.9231","25","26.72","14.00","42.00","56.80","69.20","30.23","1.00","133.83"
"2025","2","4","Thursday","6","35","13","2.6923","34","33.32","18.57","41.25","79.00","101.90","41.37","0.85","205.00"
"2025","2","4","Thursday","7","48","13","3.6923","48","15.30","11.62","18.25","36.30","39.53","13.91","0.18","62.00"
"2025","2","4","Thursday","8","84","13","6.4615","84","10.10","6.00","11.41","21.00","34.10","12.45","0.12","70.00"
"2025","2","4","Thursday","9","111","13","8.5385","109","7.73","5.67","10.00","17.00","21.00","7.58","1.00","46.00"
"2025","2","4","Thursday","10","157","13","12.0769","149","5.46","4.00","7.00","11.00","15.20","5.06","0.50","38.00"
"2025","2","4","Thursday","11","163","13","12.5385","158","4.90","3.00","6.00","10.00","13.15","4.23","0.17","26.00"
"2025","2","4","Thursday","12","140","13","10.7692","139","5.65","4.00","6.50","13.15","15.10","4.77","0.13","27.00"
"2025","2","4","Thursday","13","149","13","11.4615","148","5.26","3.41","6.00","12.00","14.00","4.28","0.30","20.00"
"2025","2","4","Thursday","14","141","13","10.8462","138","5.63","4.00","7.00","12.00","16.15","4.98","1.00","28.00"
"2025","2","4","Thursday","15","128","13","9.8462","127","6.10","4.00","6.62","12.00","18.40","6.06","0.23","39.00"
"2025","2","4","Thursday","16","153","13","11.7692","151","4.88","3.00","6.00","10.00","15.00","4.54","0.13","25.00"
"2025","2","4","Thursday","17","142","13","10.9231","141","5.86","4.00","7.00","15.00","18.00","5.56","0.03","27.00"
"2025","2","4","Thursday","18","135","13","10.3846","131","6.03","4.00","7.00","12.00","15.50","5.96","0.32","42.00"
"2025","2","4","Thursday","19","141","13","10.8462","140","5.49","4.00","7.00","11.00","14.00","4.75","0.03","36.00"
"2025","2","4","Thursday","20","126","13","9.6923","125","6.04","4.00","7.00","13.82","15.00","5.26","0.12","33.00"
"2025","2","4","Thursday","21","107","13","8.2308","107","7.11","5.00","9.39","13.00","15.70","6.99","1.00","44.00"
"2025","2","4","Thursday","22","106","13","8.1538","104","7.44","5.00","9.61","15.71","21.00","7.54","0.03","44.00"
"2025","2","4","Thursday","23","76","13","5.8462","74","10.12","5.50","13.58","27.40","33.70","10.54","0.08","45.00"
"2025","2","5","Friday","0","57","13","4.3846","57","12.99","9.00","19.00","25.40","32.20","12.14","1.00","61.57"
"2025","2","5","Friday","1","48","13","3.6923","48","15.76","9.50","23.50","35.85","47.10","16.01","0.07","69.15"
"2025","2","5","Friday","2","30","13","2.3077","30","23.09","15.00","33.54","51.10","57.50","22.39","3.00","101.00"
"2025","2","5","Friday","3","30","13","2.3077","30","25.77","18.00","34.50","62.67","78.17","25.05","0.37","84.62"
"2025","2","5","Friday","4","35","13","2.6923","35","22.26","13.00","31.00","51.03","64.38","21.63","2.33","90.00"
"2025","2","5","Friday","5","42","13","3.2308","42","20.36","11.50","23.00","49.90","51.95","22.46","2.00","99.00"
"2025","2","5","Friday","6","37","13","2.8462","37","21.65","17.00","30.00","40.20","57.80","23.53","2.00","120.18"
"2025","2","5","Friday","7","72","13","5.5385","71","11.94","8.00","15.50","26.00","35.91","12.57","0.30","71.00"
"2025","2","5","Friday","8","85","13","6.5385","84","9.98","8.00","13.00","17.70","23.00","10.36","0.55","79.00"
"2025","2","5","Friday","9","125","13","9.6154","124","6.41","4.00","8.89","14.00","18.85","5.42","0.38","26.00"
"2025","2","5","Friday","10","158","13","12.1538","155","5.04","3.00","5.50","11.00","15.00","4.92","0.35","33.00"
"2025","2","5","Friday","11","139","13","10.6923","136","5.71","4.00","7.00","11.50","16.75","5.04","0.25","28.00"
"2025","2","5","Friday","12","161","13","12.3846","156","5.17","4.00","7.00","10.50","13.75","4.36","0.07","30.00"
"2025","2","5","Friday","13","135","13","10.3846","133","5.54","4.00","8.00","11.00","16.34","4.48","0.08","21.00"
"2025","2","5","Friday","14","133","13","10.2308","129","6.16","5.00","9.00","11.02","15.00","5.38","0.23","37.00"
"2025","2","5","Friday","15","149","13","11.4615","146","5.59","4.00","6.00","11.00","16.00","5.5","0.03","35.00"
"2025","2","5","Friday","16","145","13","11.1538","142","5.38","4.00","8.00","12.00","14.95","4.24","0.43","19.00"
"2025","2","5","Friday","17","139","13","10.6923","135","5.65","4.00","7.00","11.00","14.90","5.18","0.12","29.00"
"2025","2","5","Friday","18","145","13","11.1538","143","5.48","4.00","7.00","11.89","15.50","4.68","0.02","24.85"
"2025","2","5","Friday","19","136","13","10.4615","135","5.59","4.00","7.92","12.00","15.30","4.64","0.07","22.00"
"2025","2","5","Friday","20","135","13","10.3846","130","5.95","4.00","7.31","14.00","16.00","5.53","0.20","39.00"
"2025","2","5","Friday","21","113","13","8.6923","107","7.50","6.00","10.88","14.00","17.18","6.03","0.05","36.00"
"2025","2","5","Friday","22","91","13","7.0000","89","8.14","6.00","11.00","18.00","21.94","7.44","0.08","40.00"
"2025","2","5","Friday","23","83","13","6.3846","81","9.76","7.00","11.00","28.50","34.00","10.04","0.02","40.00"
"2025","2","6","Saturday","0","73","13","5.6154","73","10.33","6.42","13.93","23.62","36.00","10.5","1.00","43.00"
"2025","2","6","Saturday","1","51","13","3.9231","51","14.53","11.00","18.00","34.00","44.11","14.74","1.00","70.00"
"2025","2","6","Saturday","2","52","13","4.0000","50","15.61","9.00","23.28","38.78","43.74","13.2","0.52","46.00"
"2025","2","6","Saturday","3","38","13","2.9231","38","16.83","10.55","24.43","29.48","52.86","15.54","0.30","64.00"
"2025","2","6","Saturday","4","54","13","4.1538","54","16.91","9.78","26.08","37.46","40.40","19.11","0.35","94.00"
"2025","2","6","Saturday","5","41","13","3.1538","41","19.02","13.00","24.00","47.00","61.90","21.58","0.70","106.00"
"2025","2","6","Saturday","6","39","13","3.0000","39","18.13","12.00","25.14","37.40","40.85","18.9","1.30","104.00"
"2025","2","6","Saturday","7","61","13","4.6923","61","14.41","9.00","20.00","33.18","45.00","16.03","0.68","75.00"
"2025","2","6","Saturday","8","62","13","4.7692","62","13.57","9.50","18.75","28.90","32.95","12.88","2.00","69.00"
"2025","2","6","Saturday","9","93","13","7.1538","92","8.82","5.00","12.00","19.00","26.90","8.59","1.00","44.00"
"2025","2","6","Saturday","10","141","13","10.8462","139","5.71","4.00","7.00","11.07","15.07","4.41","0.13","25.00"
"2025","2","6","Saturday","11","134","13","10.3077","129","5.95","4.00","7.00","14.17","19.60","6","0.37","31.00"
"2025","2","6","Saturday","12","149","13","11.4615","148","5.45","4.00","7.00","11.00","15.65","4.87","0.30","27.00"
"2025","2","6","Saturday","13","151","13","11.6154","148","5.29","4.00","7.00","11.00","14.30","4.58","0.02","28.00"
"2025","2","6","Saturday","14","140","13","10.7692","136","5.48","4.00","7.00","12.00","13.00","4.2","0.38","23.00"
"2025","2","6","Saturday","15","115","13","8.8462","113","7.13","5.00","9.00","13.80","19.80","6.33","1.00","39.00"
"2025","2","6","Saturday","16","105","13","8.0769","103","7.62","5.00","10.00","16.64","20.55","7","0.78","42.00"
"2025","2","6","Saturday","17","119","13","9.1538","115","6.67","4.70","9.00","13.93","20.60","6.54","0.02","31.00"
"2025","2","6","Saturday","18","108","13","8.3077","106","7.11","4.00","10.00","14.00","21.75","6.88","0.17","42.00"
"2025","2","6","Saturday","19","102","13","7.8462","101","7.54","5.00","9.00","17.00","22.00","7.35","0.08","43.55"
"2025","2","6","Saturday","20","105","13","8.0769","105","7.62","6.00","10.00","15.00","23.20","6.77","0.30","33.00"
"2025","2","6","Saturday","21","95","13","7.3077","93","7.69","5.00","9.80","17.00","19.40","7.47","0.62","47.00"
"2025","2","6","Saturday","22","112","13","8.6154","108","8.12","5.00","11.00","17.00","20.73","7.51","0.32","44.00"
"2025","2","6","Saturday","23","76","13","5.8462","74","9.81","6.50","16.75","23.40","27.35","9.19","0.12","36.00"
"2025","2","7","Sunday","0","61","13","4.6923","61","11.72","9.00","15.00","21.77","32.00","9.72","1.00","43.00"
"2025","2","7","Sunday","1","68","13","5.2308","67","12.32","8.00","18.00","29.40","35.10","11.08","0.52","42.00"
"2025","2","7","Sunday","2","46","13","3.5385","45","17.12","14.00","23.87","35.95","44.53","13.25","0.07","53.00"
"2025","2","7","Sunday","3","49","13","3.7692","48","12.71","9.23","19.25","26.28","31.00","10.03","0.02","40.78"
"2025","2","7","Sunday","4","28","13","2.1538","28","23.72","23.50","35.63","48.80","54.47","18.98","1.00","70.00"
"2025","2","7","Sunday","5","38","13","2.9231","38","24.16","16.50","33.24","52.80","64.85","25.14","1.27","112.25"
"2025","2","7","Sunday","6","50","13","3.8462","50","18.17","11.50","25.91","47.50","62.55","18.94","0.38","72.00"
"2025","2","7","Sunday","7","56","13","4.3077","56","12.46","8.00","19.25","29.00","33.00","10.87","1.00","41.00"
"2025","2","7","Sunday","8","73","13","5.6154","73","12.58","9.00","17.00","28.80","32.80","12.34","0.62","62.00"
"2025","2","7","Sunday","9","74","13","5.6923","74","10.45","6.00","14.70","23.00","28.35","10.87","0.38","60.00"
"2025","2","7","Sunday","10","110","13","8.4615","110","7.59","4.00","11.11","16.00","25.55","7.24","0.08","33.00"
"2025","2","7","Sunday","11","118","13","9.0769","116","6.72","5.00","10.00","14.00","16.27","6.18","0.68","44.17"
"2025","2","7","Sunday","12","123","13","9.4615","120","5.90","4.00","8.00","12.21","17.04","5.26","0.08","28.00"
"2025","2","7","Sunday","13","130","13","10.0000","128","6.47","4.00","8.00","14.00","21.95","7.66","0.60","58.00"
"2025","2","7","Sunday","14","114","13","8.7692","111","6.66","4.00","9.42","14.00","20.50","6.35","0.88","33.93"
"2025","2","7","Sunday","15","130","13","10.0000","128","6.28","5.00","8.44","14.00","16.44","5.38","0.20","28.00"
"2025","2","7","Sunday","16","140","13","10.7692","139","5.76","4.00","7.00","13.00","16.20","5.28","0.22","26.00"
"2025","2","7","Sunday","17","108","13","8.3077","106","6.98","4.00","8.69","19.00","23.09","6.97","0.02","32.00"
"2025","2","7","Sunday","18","105","13","8.0769","102","7.71","5.00","10.19","19.90","22.00","6.82","0.37","26.00"
"2025","2","7","Sunday","19","111","13","8.5385","110","7.16","4.00","9.75","15.00","17.55","8.57","0.80","73.00"
"2025","2","7","Sunday","20","136","13","10.4615","132","6.01","4.00","8.00","13.00","17.00","5.38","0.37","30.00"
"2025","2","7","Sunday","21","108","13","8.3077","106","7.49","6.00","9.00","15.63","19.50","6.85","0.15","45.00"
"2025","2","7","Sunday","22","94","13","7.2308","91","8.17","6.00","12.42","17.82","20.50","6.92","0.75","38.00"
"2025","2","7","Sunday","23","71","13","5.4615","70","9.82","6.00","12.00","22.00","28.28","9.67","0.87","58.00"
"2025","3","1","Monday","0","68","13","5.2308","67","9.95","7.27","15.00","21.00","25.40","8.56","0.10","44.00"
"2025","3","1","Monday","1","45","13","3.4615","45","17.26","11.00","30.00","42.95","47.00","16.04","1.63","62.00"
"2025","3","1","Monday","2","37","13","2.8462","36","20.03","14.50","23.00","49.00","57.50","19.95","2.00","90.00"
"2025","3","1","Monday","3","28","13","2.1538","28","25.54","21.40","39.16","55.80","60.65","19.91","1.00","62.33"
"2025","3","1","Monday","4","37","13","2.8462","37","25.45","18.00","42.00","54.80","65.60","22.82","1.63","91.00"
"2025","3","1","Monday","5","38","13","2.9231","38","16.66","14.50","22.75","31.40","44.37","12.04","1.00","47.00"
"2025","3","1","Monday","6","59","13","4.5385","59","15.80","11.20","24.00","37.40","45.40","15.02","0.37","63.00"
"2025","3","1","Monday","7","62","13","4.7692","60","12.58","7.18","16.25","27.27","45.30","14.01","0.03","63.00"
"2025","3","1","Monday","8","108","13","8.3077","107","7.98","5.00","10.57","17.40","20.89","7.99","0.87","60.00"
"2025","3","1","Monday","9","135","13","10.3846","133","6.00","4.00","7.67","13.64","15.16","5.84","0.27","48.00"
"2025","3","1","Monday","10","167","13","12.8462","162","4.84","4.00","5.00","9.90","13.00","3.9","0.67","23.00"
"2025","3","1","Monday","11","166","13","12.7692","161","4.86","3.00","6.00","10.00","14.00","4.23","0.20","22.00"
"2025","3","1","Monday","12","176","13","13.5385","173","4.60","4.00","6.00","8.00","10.40","3.5","0.02","31.00"
"2025","3","1","Monday","13","140","13","10.7692","137","5.62","4.00","7.00","11.30","15.20","4.91","1.00","31.00"
"2025","3","1","Monday","14","174","13","13.3846","166","4.84","3.00","6.00","10.00","13.00","3.94","0.35","22.00"
"2025","3","1","Monday","15","163","13","12.5385","154","4.94","3.96","6.00","10.92","12.70","4.6","0.15","27.00"
"2025","3","1","Monday","16","144","13","11.0769","142","5.37","4.00","6.75","11.00","14.85","4.48","0.10","25.00"
"2025","3","1","Monday","17","150","13","11.5385","147","5.35","4.00","6.07","11.92","16.10","4.85","0.02","27.00"
"2025","3","1","Monday","18","144","13","11.0769","141","5.54","4.00","7.00","11.00","15.00","4.45","0.52","27.00"
"2025","3","1","Monday","19","136","13","10.4615","130","6.06","4.00","8.00","14.96","17.00","5.29","0.25","27.00"
"2025","3","1","Monday","20","143","13","11.0000","142","5.64","4.00","8.00","11.67","14.95","5.07","0.03","31.00"
"2025","3","1","Monday","21","109","13","8.3846","108","6.58","5.00","8.00","13.00","20.25","6.69","0.38","41.00"
"2025","3","1","Monday","22","88","13","6.7692","88","8.98","6.00","11.10","19.31","26.87","8.81","0.10","45.00"
"2025","3","1","Monday","23","82","13","6.3077","80","9.44","6.00","13.00","22.10","27.05","8.34","0.67","34.95"
"2025","3","2","Tuesday","0","69","14","4.9286","68","12.83","8.88","17.00","27.00","30.51","11.11","0.23","54.00"
"2025","3","2","Tuesday","1","48","14","3.4286","47","16.68","12.00","22.00","35.00","41.70","14.43","1.00","77.57"
"2025","3","2","Tuesday","2","40","14","2.8571","40","18.02","11.50","24.25","39.20","44.35","16.43","2.00","82.00"
"2025","3","2","Tuesday","3","31","14","2.2143","31","22.71","21.00","37.00","46.00","54.00","20.15","1.00","80.00"
"2025","3","2","Tuesday","4","38","14","2.7143","38","22.81","17.00","34.25","47.30","73.85","24.4","0.03","104.00"
"2025","3","2","Tuesday","5","48","14","3.4286","47","22.68","15.20","27.04","44.71","47.40","24.08","1.00","122.05"
"2025","3","2","Tuesday","6","55","14","3.9286","54","14.95","11.00","23.75","32.70","39.71","12.56","0.83","50.52"
"2025","3","2","Tuesday","7","56","14","4.0000","56","16.14","11.23","21.00","41.00","50.00","15.08","1.00","54.00"
"2025","3","2","Tuesday","8","89","14","6.3571","89","10.01","7.00","14.00","21.40","32.55","9.25","0.88","40.97"
"2025","3","2","Tuesday","9","136","14","9.7143","133","6.54","4.00","8.00","14.92","18.40","6.01","0.43","35.00"
"2025","3","2","Tuesday","10","164","14","11.7143","161","5.08","3.67","6.00","10.00","16.00","4.41","0.23","25.42"
"2025","3","2","Tuesday","11","165","14","11.7857","162","5.33","3.60","6.00","11.90","14.00","5.8","0.07","49.67"
"2025","3","2","Tuesday","12","181","14","12.9286","178","4.71","3.18","6.00","9.27","13.28","4.26","0.42","28.00"
"2025","3","2","Tuesday","13","166","14","11.8571","162","5.27","4.00","7.00","11.00","14.00","4.12","0.28","21.00"
"2025","3","2","Tuesday","14","155","14","11.0714","152","5.11","4.00","6.38","11.00","13.45","4.32","0.28","22.00"
"2025","3","2","Tuesday","15","154","14","11.0000","150","5.90","4.00","8.00","12.00","14.55","5.28","0.32","32.72"
"2025","3","2","Tuesday","16","146","14","10.4286","142","5.90","4.15","8.00","11.25","14.90","4.65","0.53","32.00"
"2025","3","2","Tuesday","17","134","14","9.5714","130","6.12","4.00","7.75","15.00","17.00","5.7","0.72","30.93"
"2025","3","2","Tuesday","18","168","14","12.0000","163","5.52","3.00","5.93","12.00","16.90","5.88","0.12","34.22"
"2025","3","2","Tuesday","19","137","14","9.7857","136","5.89","4.00","7.00","13.50","17.00","5.07","0.68","25.00"
"2025","3","2","Tuesday","20","123","14","8.7857","123","6.86","4.48","8.00","16.00","21.54","6.94","0.27","48.00"
"2025","3","2","Tuesday","21","132","14","9.4286","131","6.14","4.00","8.00","12.00","18.00","5.76","0.32","37.00"
"2025","3","2","Tuesday","22","98","14","7.0000","98","8.91","4.45","11.00","21.30","31.37","10.79","0.08","62.00"
"2025","3","2","Tuesday","23","90","14","6.4286","87","9.49","7.00","13.00","19.38","25.40","7.99","0.02","38.00"
"2025","3","3","Wednesday","0","43","13","3.3077","43","14.59","10.93","17.50","30.67","37.80","12.87","1.07","59.33"
"2025","3","3","Wednesday","1","54","13","4.1538","54","15.56","8.50","21.25","36.50","51.29","18.47","0.67","95.00"
"2025","3","3","Wednesday","2","44","13","3.3846","43","17.47","12.00","28.36","35.80","46.40","13.9","0.60","50.00"
"2025","3","3","Wednesday","3","37","13","2.8462","36","20.65","18.00","26.75","50.18","55.90","18.35","1.00","69.52"
"2025","3","3","Wednesday","4","29","13","2.2308","29","22.14","14.03","30.00","44.00","66.60","20.97","1.52","80.00"
"2025","3","3","Wednesday","5","42","13","3.2308","42","20.98","13.50","31.50","47.44","57.65","20.59","0.67","96.00"
"2025","3","3","Wednesday","6","33","13","2.5385","33","25.63","18.00","37.00","51.80","63.53","25.53","1.00","132.00"
"2025","3","3","Wednesday","7","52","13","4.0000","50","16.52","12.00","26.00","37.10","40.24","13.37","1.00","44.00"
"2025","3","3","Wednesday","8","86","13","6.6154","85","9.73","7.00","12.00","19.60","30.60","9.4","0.57","44.00"
"2025","3","3","Wednesday","9","148","13","11.3846","146","5.83","4.00","7.28","11.33","13.75","6.01","0.35","45.00"
"2025","3","3","Wednesday","10","167","13","12.8462","165","4.76","3.00","6.00","11.00","12.86","4.12","0.17","21.00"
"2025","3","3","Wednesday","11","145","13","11.1538","142","5.56","4.00","6.19","11.90","15.99","5.09","0.25","29.00"
"2025","3","3","Wednesday","12","171","13","13.1538","164","4.74","4.00","6.00","10.22","11.67","3.5","0.08","20.00"
"2025","3","3","Wednesday","13","153","13","11.7692","149","5.01","3.00","6.00","10.00","12.00","4.69","0.07","29.00"
"2025","3","3","Wednesday","14","147","13","11.3077","142","5.87","4.00","7.00","12.95","16.00","5.17","0.85","36.00"
"2025","3","3","Wednesday","15","146","13","11.2308","145","4.91","4.00","7.00","9.00","12.60","3.47","0.05","21.00"
"2025","3","3","Wednesday","16","150","13","11.5385","143","5.77","4.00","8.00","12.80","15.33","5.34","0.27","34.00"
"2025","3","3","Wednesday","17","155","13","11.9231","155","4.87","3.00","6.03","9.64","11.30","4.67","0.22","37.00"
"2025","3","3","Wednesday","18","139","13","10.6923","135","5.81","4.00","7.00","11.60","18.23","5.34","0.03","30.80"
"2025","3","3","Wednesday","19","141","13","10.8462","138","5.65","3.58","6.00","12.30","19.15","5.88","0.07","36.00"
"2025","3","3","Wednesday","20","133","13","10.2308","131","6.03","4.00","7.00","13.00","17.00","5.95","0.03","39.00"
"2025","3","3","Wednesday","21","123","13","9.4615","119","6.54","4.27","7.02","13.00","18.29","6.35","0.78","43.00"
"2025","3","3","Wednesday","22","101","13","7.7692","100","7.39","5.00","10.00","14.20","20.10","6.26","0.38","30.48"
"2025","3","3","Wednesday","23","74","13","5.6923","74","10.69","7.00","12.41","22.10","34.35","12.43","0.45","67.00"
"2025","3","4","Thursday","0","46","13","3.5385","44","15.12","11.00","19.79","35.43","44.55","13.54","1.00","55.00"
"2025","3","4","Thursday","1","43","13","3.3077","43","18.66","14.00","24.85","39.00","44.44","15.02","1.00","68.00"
"2025","3","4","Thursday","2","42","13","3.2308","42","13.96","11.18","19.49","30.70","33.90","11.48","1.00","48.00"
"2025","3","4","Thursday","3","44","13","3.3846","43","19.97","11.00","29.44","42.60","57.30","20.26","0.12","98.42"
"2025","3","4","Thursday","4","27","13","2.0769","27","27.58","16.00","37.50","57.60","104.10","34.7","1.20","142.00"
"2025","3","4","Thursday","5","46","13","3.5385","44","19.58","10.31","25.25","49.00","65.12","21.2","1.00","92.00"
"2025","3","4","Thursday","6","40","13","3.0769","40","22.15","15.50","24.50","58.10","75.20","22.9","0.85","103.00"
"2025","3","4","Thursday","7","49","13","3.7692","48","15.79","10.50","22.75","34.00","38.72","13.53","1.00","53.00"
"2025","3","4","Thursday","8","89","13","6.8462","88","10.18","7.00","14.00","22.00","24.65","10.89","1.00","85.00"
"2025","3","4","Thursday","9","121","13","9.3077","119","6.63","5.00","8.20","12.00","15.10","6","0.40","41.00"
"2025","3","4","Thursday","10","151","13","11.6154","149","5.03","3.03","7.00","10.00","14.00","4.52","0.15","29.00"
"2025","3","4","Thursday","11","151","13","11.6154","147","5.38","4.00","6.00","10.43","16.40","4.61","0.22","28.00"
"2025","3","4","Thursday","12","145","13","11.1538","145","5.50","4.00","7.00","12.00","15.60","4.8","0.72","29.00"
"2025","3","4","Thursday","13","143","13","11.0000","142","5.43","4.00","7.00","11.90","14.95","4.5","0.27","27.00"
"2025","3","4","Thursday","14","143","13","11.0000","140","5.28","4.00","7.00","11.00","14.92","4.54","0.08","28.77"
"2025","3","4","Thursday","15","147","13","11.3077","145","5.68","4.00","7.00","12.20","17.00","5.42","0.13","28.00"
"2025","3","4","Thursday","16","139","13","10.6923","136","5.57","4.00","7.00","10.39","15.54","5.79","0.60","48.00"
"2025","3","4","Thursday","17","142","13","10.9231","142","5.56","4.00","6.26","11.90","15.95","5.33","0.90","35.65"
"2025","3","4","Thursday","18","138","13","10.6154","132","6.11","4.00","7.00","12.00","16.18","6.26","0.37","37.00"
"2025","3","4","Thursday","19","141","13","10.8462","139","5.23","3.70","7.00","12.00","14.00","4.23","0.52","19.00"
"2025","3","4","Thursday","20","115","13","8.8462","112","6.76","4.00","9.00","15.46","20.35","6.3","1.00","36.00"
"2025","3","4","Thursday","21","127","13","9.7692","123","6.58","5.00","9.00","13.90","17.00","6.41","0.20","47.00"
"2025","3","4","Thursday","22","87","13","6.6923","87","8.52","6.00","12.50","17.80","22.95","7.38","0.08","43.00"
"2025","3","4","Thursday","23","94","13","7.2308","92","8.00","6.00","9.50","15.96","23.70","7.49","1.00","37.00"
"2025","3","5","Friday","0","56","13","4.3077","56","14.57","11.00","21.25","34.05","38.74","12.44","0.90","54.00"
"2025","3","5","Friday","1","47","13","3.6154","46","16.10","12.28","24.00","32.39","33.00","12.69","0.27","55.00"
"2025","3","5","Friday","2","38","13","2.9231","38","18.13","18.00","24.33","32.77","37.15","11.43","1.00","48.00"
"2025","3","5","Friday","3","35","13","2.6923","35","19.05","14.00","25.73","40.17","48.50","15.75","1.00","65.00"
"2025","3","5","Friday","4","31","13","2.3846","31","23.47","17.00","31.00","47.53","65.00","23.38","0.63","100.83"
"2025","3","5","Friday","5","38","13","2.9231","38","24.76","16.72","30.10","60.49","82.22","25.63","0.53","100.35"
"2025","3","5","Friday","6","48","13","3.6923","48","17.39","11.84","24.25","38.90","52.42","17.39","1.00","79.00"
"2025","3","5","Friday","7","63","13","4.8462","63","13.70","11.00","18.13","26.60","28.90","13.56","0.15","85.00"
"2025","3","5","Friday","8","91","13","7.0000","91","8.69","6.00","10.98","18.00","23.13","9.57","0.47","54.00"
"2025","3","5","Friday","9","113","13","8.6923","110","7.55","5.00","9.75","14.10","17.00","7.69","0.90","48.00"
"2025","3","5","Friday","10","133","13","10.2308","131","5.75","4.00","7.00","11.00","15.50","4.69","0.70","32.00"
"2025","3","5","Friday","11","160","13","12.3077","155","5.35","4.00","6.00","11.00","14.60","4.89","0.08","34.00"
"2025","3","5","Friday","12","159","13","12.2308","155","4.79","4.00","6.00","9.60","11.50","3.64","0.83","24.00"
"2025","3","5","Friday","13","149","13","11.4615","148","5.44","4.00","7.00","11.04","13.94","4.7","0.58","31.00"
"2025","3","5","Friday","14","132","13","10.1538","130","5.81","4.00","7.75","12.01","15.00","4.57","0.18","23.00"
"2025","3","5","Friday","15","144","13","11.0769","143","5.59","4.00","6.78","11.80","14.90","4.71","0.05","29.00"
"2025","3","5","Friday","16","150","13","11.5385","148","5.11","4.00","7.00","10.00","12.65","4.29","0.07","25.00"
"2025","3","5","Friday","17","135","13","10.3846","133","6.04","4.00","7.00","14.00","16.21","5.41","0.17","32.20"
"2025","3","5","Friday","18","120","13","9.2308","119","6.31","4.00","8.64","13.39","16.00","5.24","0.50","27.45"
"2025","3","5","Friday","19","140","13","10.7692","135","5.85","4.00","8.00","13.00","16.30","5.01","0.02","24.00"
"2025","3","5","Friday","20","133","13","10.2308","130","6.15","4.00","7.73","14.69","16.55","6.09","0.07","32.00"
"2025","3","5","Friday","21","121","13","9.3077","120","6.12","4.00","9.08","14.03","16.34","5.01","0.35","24.00"
"2025","3","5","Friday","22","97","13","7.4615","97","8.05","6.00","10.00","18.36","25.00","7.29","0.18","37.03"
"2025","3","5","Friday","23","108","13","8.3077","108","7.64","5.43","9.25","17.16","21.94","7.6","0.25","45.00"
"2025","3","6","Saturday","0","78","13","6.0000","78","9.42","6.46","12.75","21.80","27.74","9.44","0.07","45.00"
"2025","3","6","Saturday","1","47","13","3.6154","46","12.64","8.00","20.15","25.00","32.00","11.73","0.18","54.83"
"2025","3","6","Saturday","2","50","13","3.8462","50","17.71","9.50","21.00","49.60","62.80","20.13","0.12","86.88"
"2025","3","6","Saturday","3","43","13","3.3077","40","17.47","13.99","26.76","38.60","45.40","15.45","0.35","61.00"
"2025","3","6","Saturday","4","46","13","3.5385","46","16.78","11.63","22.75","41.50","45.95","16.58","1.00","76.00"
"2025","3","6","Saturday","5","39","13","3.0000","38","22.05","12.28","33.00","54.30","66.30","25.03","0.97","110.25"
"2025","3","6","Saturday","6","48","13","3.6923","45","17.62","12.00","27.00","36.26","41.80","15.21","1.90","72.00"
"2025","3","6","Saturday","7","68","13","5.2308","67","13.15","9.00","16.00","31.46","33.79","14.54","0.43","93.82"
"2025","3","6","Saturday","8","79","13","6.0769","78","9.47","6.00","11.00","25.15","28.35","10.9","0.20","57.00"
"2025","3","6","Saturday","9","106","13","8.1538","106","8.18","4.00","9.75","17.59","27.25","11.02","0.05","89.00"
"2025","3","6","Saturday","10","118","13","9.0769","117","6.73","5.00","10.00","13.80","17.32","5.42","0.03","27.00"
"2025","3","6","Saturday","11","138","13","10.6154","135","5.84","4.00","7.36","12.00","18.00","5.56","0.08","30.00"
"2025","3","6","Saturday","12","153","13","11.7692","147","5.22","4.00","6.00","11.00","15.00","4.54","0.08","25.00"
"2025","3","6","Saturday","13","127","13","9.7692","126","6.13","4.00","8.86","11.00","14.50","5.4","0.10","32.00"
"2025","3","6","Saturday","14","148","13","11.3846","145","5.61","4.00","6.00","13.00","16.00","5.41","0.25","33.00"
"2025","3","6","Saturday","15","150","13","11.5385","146","5.20","4.00","5.00","11.00","16.44","4.89","0.12","31.42"
"2025","3","6","Saturday","16","104","13","8.0000","104","6.72","5.00","8.00","14.82","19.00","5.81","0.20","28.00"
"2025","3","6","Saturday","17","135","13","10.3846","132","6.30","4.00","8.00","15.68","20.00","6.12","0.58","33.00"
"2025","3","6","Saturday","18","113","13","8.6923","110","7.43","5.00","9.94","16.00","19.55","6.67","0.22","41.00"
"2025","3","6","Saturday","19","145","13","11.1538","140","5.36","4.00","7.00","11.10","15.05","4.79","0.10","24.00"
"2025","3","6","Saturday","20","117","13","9.0000","114","6.68","6.00","9.00","13.00","17.51","5.01","0.37","24.00"
"2025","3","6","Saturday","21","116","13","8.9231","114","6.68","5.00","9.00","13.70","16.35","5.77","0.02","35.00"
"2025","3","6","Saturday","22","109","13","8.3846","105","7.36","4.00","10.00","16.00","24.81","7.62","0.80","39.20"
"2025","3","6","Saturday","23","75","13","5.7692","74","10.48","6.00","13.75","24.70","38.00","10.93","0.68","47.00"
"2025","3","7","Sunday","0","83","13","6.3846","83","9.46","7.00","12.00","19.60","25.90","8.58","1.00","46.00"
"2025","3","7","Sunday","1","57","13","4.3846","56","14.12","10.00","16.70","36.61","41.25","13.3","0.47","50.97"
"2025","3","7","Sunday","2","57","13","4.3846","56","13.46","9.98","19.88","27.96","31.50","10.71","0.18","49.00"
"2025","3","7","Sunday","3","46","13","3.5385","46","14.67","8.50","19.88","33.50","43.50","14.71","0.92","66.00"
"2025","3","7","Sunday","4","45","13","3.4615","45","15.81","10.00","20.00","34.98","59.45","17.56","0.08","71.00"
"2025","3","7","Sunday","5","22","13","1.6923","22","37.23","40.00","50.75","65.60","67.00","25.54","3.00","107.57"
"2025","3","7","Sunday","6","50","13","3.8462","50","16.94","12.00","24.75","39.50","47.50","14.71","0.58","55.00"
"2025","3","7","Sunday","7","59","13","4.5385","59","12.67","9.00","17.00","31.25","35.40","12.39","1.00","56.00"
"2025","3","7","Sunday","8","84","13","6.4615","82","10.52","4.83","13.75","26.80","32.90","13.15","0.80","69.00"
"2025","3","7","Sunday","9","95","13","7.3077","94","9.45","6.00","12.00","21.40","29.35","10.83","0.02","67.00"
"2025","3","7","Sunday","10","116","13","8.9231","114","6.36","4.00","8.90","15.70","18.00","5.68","0.17","26.00"
"2025","3","7","Sunday","11","115","13","8.8462","113","7.04","5.00","7.85","14.00","18.09","7.8","0.53","58.00"
"2025","3","7","Sunday","12","125","13","9.6154","120","6.61","5.00","8.00","13.04","21.05","6.03","0.57","30.00"
"2025","3","7","Sunday","13","139","13","10.6923","135","5.73","4.00","7.33","12.00","14.30","5.5","0.08","34.00"
"2025","3","7","Sunday","14","117","13","9.0000","116","7.05","5.00","10.00","15.50","20.25","6.02","0.08","26.00"
"2025","3","7","Sunday","15","120","13","9.2308","119","6.31","4.00","8.50","13.00","19.00","5.92","0.25","39.00"
"2025","3","7","Sunday","16","123","13","9.4615","121","6.45","5.00","9.00","13.00","16.00","5.23","0.28","33.00"
"2025","3","7","Sunday","17","136","13","10.4615","133","6.18","4.00","8.00","13.00","20.00","5.85","0.07","34.00"
"2025","3","7","Sunday","18","118","13","9.0769","118","6.01","4.00","9.00","12.00","17.49","6.12","0.07","36.00"
"2025","3","7","Sunday","19","127","13","9.7692","124","6.62","3.83","9.00","15.70","17.85","7.18","0.38","42.00"
"2025","3","7","Sunday","20","135","13","10.3846","133","6.06","4.00","8.00","13.80","18.40","5.53","0.35","30.00"
"2025","3","7","Sunday","21","129","13","9.9231","127","5.75","4.00","7.00","12.40","15.75","5.46","0.07","32.00"
"2025","3","7","Sunday","22","95","13","7.3077","95","8.19","5.88","11.00","17.60","23.20","7.68","0.08","43.00"
"2025","3","7","Sunday","23","78","13","6.0000","78","10.34","8.00","14.00","21.60","29.94","9.7","0.28","46.00"
"2025","4","1","Monday","0","47","13","3.6154","47","16.55","12.00","19.00","34.00","42.68","16.96","0.72","101.62"
"2025","4","1","Monday","1","53","13","4.0769","52","15.35","11.37","20.00","32.60","38.80","14.02","0.77","67.00"
"2025","4","1","Monday","2","38","13","2.9231","38","16.65","14.63","23.73","32.30","38.05","12.98","2.00","59.00"
"2025","4","1","Monday","3","44","13","3.3846","44","17.71","11.50","26.95","37.74","47.62","15.6","1.00","61.00"
"2025","4","1","Monday","4","31","13","2.3846","31","25.28","18.00","29.35","50.00","79.50","23.52","1.00","94.00"
"2025","4","1","Monday","5","27","13","2.0769","27","29.90","28.00","38.00","58.20","69.53","23.44","0.42","99.00"
"2025","4","1","Monday","6","48","13","3.6923","47","17.62","16.00","27.00","36.00","40.10","12.84","1.00","50.00"
"2025","4","1","Monday","7","61","13","4.6923","61","12.96","9.00","18.00","26.00","38.00","10.82","0.52","44.00"
"2025","4","1","Monday","8","98","13","7.5385","97","8.50","5.00","10.00","20.40","26.20","9.56","0.07","61.00"
"2025","4","1","Monday","9","156","13","12.0000","153","5.42","4.00","7.00","11.00","16.00","4.65","0.53","24.00"
"2025","4","1","Monday","10","168","13","12.9231","161","4.98","4.00","6.00","10.58","14.00","4.26","0.10","24.00"
"2025","4","1","Monday","11","175","13","13.4615","168","4.60","4.00","5.45","9.00","11.65","3.81","0.02","23.00"
"2025","4","1","Monday","12","183","13","14.0769","177","4.52","4.00","5.00","9.00","11.20","3.48","0.05","25.00"
"2025","4","1","Monday","13","175","13","13.4615","170","4.47","4.00","5.00","7.73","11.00","3.53","0.15","28.92"
"2025","4","1","Monday","14","147","13","11.3077","142","5.38","4.00","7.00","10.00","14.00","3.99","0.13","22.00"
"2025","4","1","Monday","15","145","13","11.1538","143","5.52","4.00","7.00","10.00","15.00","5.22","0.88","35.00"
"2025","4","1","Monday","16","196","13","15.0769","186","4.31","3.00","5.00","8.00","13.00","3.57","0.30","20.22"
"2025","4","1","Monday","17","155","13","11.9231","153","5.13","4.00","6.08","10.00","13.00","3.99","0.15","24.00"
"2025","4","1","Monday","18","167","13","12.8462","162","4.78","3.00","6.68","10.00","12.95","3.9","0.10","21.00"
"2025","4","1","Monday","19","182","13","14.0000","174","4.37","3.38","5.00","9.00","11.00","3.28","0.23","18.00"
"2025","4","1","Monday","20","124","13","9.5385","120","6.15","5.00","8.00","13.00","16.00","5.43","0.10","35.00"
"2025","4","1","Monday","21","112","13","8.6154","109","7.16","5.00","8.00","16.20","20.14","6.36","0.33","36.37"
"2025","4","1","Monday","22","96","13","7.3846","93","7.75","4.00","10.00","18.80","23.40","7.5","0.60","35.00"
"2025","4","1","Monday","23","64","13","4.9231","63","12.50","11.00","16.00","28.00","37.40","10.56","1.00","42.00"
"2025","4","2","Tuesday","0","71","13","5.4615","70","11.72","8.50","13.00","29.10","33.10","11.29","1.00","68.00"
"2025","4","2","Tuesday","1","61","13","4.6923","60","12.05","8.50","16.25","26.00","35.25","11.48","1.00","60.00"
"2025","4","2","Tuesday","2","32","13","2.4615","32","21.32","13.42","26.25","47.90","56.35","19.86","2.00","90.00"
"2025","4","2","Tuesday","3","38","13","2.9231","38","23.60","18.50","29.75","47.20","58.35","18.95","1.00","93.00"
"2025","4","2","Tuesday","4","44","13","3.3846","43","15.07","12.00","21.33","30.80","38.20","14.14","1.00","72.00"
"2025","4","2","Tuesday","5","38","13","2.9231","37","22.25","11.00","37.00","53.80","72.40","23.46","0.32","85.00"
"2025","4","2","Tuesday","6","43","13","3.3077","43","18.23","15.00","21.34","43.00","55.10","17.48","2.00","79.00"
"2025","4","2","Tuesday","7","57","13","4.3846","56","13.99","8.50","19.25","33.00","41.50","17.28","0.07","87.00"
"2025","4","2","Tuesday","8","108","13","8.3077","103","9.25","6.00","11.00","18.56","25.78","11.53","1.00","64.70"
"2025","4","2","Tuesday","9","137","13","10.5385","137","5.62","4.00","7.00","12.15","16.13","5.58","0.15","40.00"
"2025","4","2","Tuesday","10","133","13","10.2308","129","6.12","4.00","7.00","12.87","18.00","6.35","0.42","41.00"
"2025","4","2","Tuesday","11","188","13","14.4615","178","4.48","3.00","5.00","9.00","12.95","4.2","0.05","26.00"
"2025","4","2","Tuesday","12","159","13","12.2308","155","4.95","4.00","5.68","10.60","13.00","4.27","0.78","29.43"
"2025","4","2","Tuesday","13","162","13","12.4615","152","5.07","4.00","6.00","12.00","14.45","4.07","0.43","24.00"
"2025","4","2","Tuesday","14","146","13","11.2308","144","5.38","4.00","6.95","11.00","14.85","4.5","0.15","29.00"
"2025","4","2","Tuesday","15","152","13","11.6923","147","5.24","4.00","6.00","9.00","13.99","4.19","1.00","26.00"
"2025","4","2","Tuesday","16","137","13","10.5385","136","5.59","4.00","7.00","12.50","17.00","5.02","0.15","27.00"
"2025","4","2","Tuesday","17","142","13","10.9231","139","5.82","3.65","7.00","13.00","18.04","6.41","0.28","44.00"
"2025","4","2","Tuesday","18","138","13","10.6154","135","5.84","4.00","8.00","11.71","15.30","4.97","1.00","28.00"
"2025","4","2","Tuesday","19","166","13","12.7692","161","4.89","3.00","6.00","10.00","14.00","4.12","0.03","22.43"
"2025","4","2","Tuesday","20","144","13","11.0769","141","5.47","4.00","7.00","11.00","15.00","4.73","0.13","27.00"
"2025","4","2","Tuesday","21","107","13","8.2308","106","6.89","5.00","9.75","16.00","18.64","5.69","0.32","26.37"
"2025","4","2","Tuesday","22","91","13","7.0000","90","8.89","5.00","10.92","19.00","26.17","10.54","0.72","70.00"
"2025","4","2","Tuesday","23","84","13","6.4615","83","8.93","6.00","12.64","18.00","25.90","7.96","0.72","43.00"
"2025","4","3","Wednesday","0","74","14","5.2857","74","12.14","9.00","15.75","26.00","36.28","10.72","1.00","48.00"
"2025","4","3","Wednesday","1","40","14","2.8571","40","15.05","11.88","22.00","33.20","38.60","13.36","1.00","54.73"
"2025","4","3","Wednesday","2","46","14","3.2857","46","20.10","12.83","30.75","45.50","53.80","18.52","0.15","80.00"
"2025","4","3","Wednesday","3","49","14","3.5000","48","17.81","14.00","26.25","41.30","44.32","15.26","0.02","58.00"
"2025","4","3","Wednesday","4","36","14","2.5714","35","21.37","20.00","30.96","41.20","47.59","15.54","2.00","63.00"
"2025","4","3","Wednesday","5","44","14","3.1429","43","22.31","15.00","31.50","55.60","68.80","20.99","0.88","72.40"
"2025","4","3","Wednesday","6","47","14","3.3571","47","17.08","11.00","22.96","41.80","60.80","18.36","1.00","74.00"
"2025","4","3","Wednesday","7","56","14","4.0000","55","14.89","10.00","15.00","34.60","47.10","14.26","2.00","63.00"
"2025","4","3","Wednesday","8","93","14","6.6429","91","10.80","7.00","12.75","28.00","35.50","11.25","0.10","62.00"
"2025","4","3","Wednesday","9","134","14","9.5714","134","6.44","4.00","8.00","13.70","19.00","6.28","0.48","39.00"
"2025","4","3","Wednesday","10","172","14","12.2857","168","5.20","3.88","6.25","11.00","14.00","4.85","0.88","32.00"
"2025","4","3","Wednesday","11","183","14","13.0714","175","4.73","3.00","6.00","9.99","12.41","4.81","0.07","44.00"
"2025","4","3","Wednesday","12","181","14","12.9286","173","4.92","3.12","6.47","10.80","14.00","4.33","0.20","24.00"
"2025","4","3","Wednesday","13","149","14","10.6429","145","5.89","4.00","7.00","12.60","18.00","6.13","0.30","38.00"
"2025","4","3","Wednesday","14","165","14","11.7857","163","5.13","4.00","6.99","10.00","12.90","4.1","0.02","24.00"
"2025","4","3","Wednesday","15","160","14","11.4286","159","5.13","4.00","6.00","9.40","18.00","4.86","0.68","26.00"
"2025","4","3","Wednesday","16","151","14","10.7857","150","5.58","4.00","6.00","12.00","16.10","5.48","0.20","40.00"
"2025","4","3","Wednesday","17","151","14","10.7857","149","5.59","4.42","7.00","11.57","14.00","4.99","0.10","31.00"
"2025","4","3","Wednesday","18","145","14","10.3571","141","5.84","4.00","7.30","13.00","17.00","5","0.12","26.00"
"2025","4","3","Wednesday","19","143","14","10.2143","140","6.14","4.98","8.00","13.00","15.10","5.91","0.02","42.00"
"2025","4","3","Wednesday","20","146","14","10.4286","144","5.98","4.13","8.00","12.62","15.00","5.21","0.10","34.00"
"2025","4","3","Wednesday","21","103","14","7.3571","100","7.82","6.73","11.00","15.00","19.00","6.48","0.02","36.57"
"2025","4","3","Wednesday","22","101","14","7.2143","101","8.56","6.00","13.00","19.00","24.00","7.56","0.13","36.00"
"2025","4","3","Wednesday","23","64","14","4.5714","64","10.85","9.01","15.79","23.70","25.00","8.37","0.23","36.00"
"2025","4","4","Thursday","0","53","13","4.0769","52","15.48","14.00","21.25","29.90","35.80","12.83","1.00","72.00"
"2025","4","4","Thursday","1","56","13","4.3077","56","15.29","10.73","18.00","41.50","47.25","14.38","1.00","51.53"
"2025","4","4","Thursday","2","47","13","3.6154","46","14.42","12.23","21.10","31.00","36.22","12.17","0.43","47.62"
"2025","4","4","Thursday","3","33","13","2.5385","33","26.92","23.00","35.00","49.56","65.60","21.33","3.40","98.00"
"2025","4","4","Thursday","4","43","13","3.3077","43","16.30","12.00","19.99","34.17","60.50","16.43","1.00","65.13"
"2025","4","4","Thursday","5","45","13","3.4615","44","20.35","15.50","31.50","43.30","48.55","16.81","1.00","68.00"
"2025","4","4","Thursday","6","50","13","3.8462","49","13.00","8.00","17.00","30.40","39.00","12.13","0.27","47.45"
"2025","4","4","Thursday","7","47","13","3.6154","46","17.84","13.05","23.75","40.00","45.25","18.14","0.27","81.00"
"2025","4","4","Thursday","8","103","13","7.9231","100","8.90","5.00","11.00","22.00","23.15","10.03","0.43","59.00"
"2025","4","4","Thursday","9","122","13","9.3846","117","6.97","5.00","9.40","15.40","18.36","5.8","0.80","31.93"
"2025","4","4","Thursday","10","150","13","11.5385","144","5.48","4.00","7.00","12.00","15.00","4.51","0.15","22.33"
"2025","4","4","Thursday","11","188","13","14.4615","178","4.20","3.00","5.00","8.00","10.00","3.36","0.12","21.00"
"2025","4","4","Thursday","12","172","13","13.2308","166","5.03","4.00","6.00","10.00","15.54","4.6","0.02","30.00"
"2025","4","4","Thursday","13","153","13","11.7692","151","5.00","3.00","6.15","10.00","13.00","4.46","0.02","26.00"
"2025","4","4","Thursday","14","135","13","10.3846","130","5.71","4.44","7.00","10.00","13.65","4.76","0.25","36.00"
"2025","4","4","Thursday","15","150","13","11.5385","145","5.66","4.00","6.08","11.00","15.60","7.06","0.15","69.00"
"2025","4","4","Thursday","16","147","13","11.3077","142","5.46","3.00","6.00","11.90","17.95","5.92","0.05","36.00"
"2025","4","4","Thursday","17","154","13","11.8462","151","5.27","4.00","7.00","12.00","14.00","4.45","0.10","27.00"
"2025","4","4","Thursday","18","133","13","10.2308","130","5.71","4.00","7.00","13.00","15.55","5.21","0.03","27.00"
"2025","4","4","Thursday","19","129","13","9.9231","126","6.14","4.00","8.75","13.50","19.29","6.44","0.10","35.00"
"2025","4","4","Thursday","20","123","13","9.4615","121","6.39","5.00","9.00","12.57","15.92","5.77","0.17","35.00"
"2025","4","4","Thursday","21","120","13","9.2308","120","6.48","4.12","8.00","15.00","20.15","6.22","0.63","31.00"
"2025","4","4","Thursday","22","75","13","5.7692","74","9.01","6.00","12.75","18.70","29.10","9.14","0.10","42.00"
"2025","4","4","Thursday","23","76","13","5.8462","73","11.86","8.00","16.00","25.60","31.51","12.76","0.05","88.00"
"2025","4","5","Friday","0","62","13","4.7692","62","11.57","8.00","14.75","24.00","33.30","11.91","1.00","61.00"
"2025","4","5","Friday","1","38","13","2.9231","37","20.43","15.00","25.00","38.40","52.20","19.26","1.00","95.68"
"2025","4","5","Friday","2","31","13","2.3846","31","21.62","10.00","38.00","47.00","52.71","22.28","0.42","93.00"
"2025","4","5","Friday","3","37","13","2.8462","37","22.50","15.00","29.00","55.70","78.20","25.63","1.00","104.00"
"2025","4","5","Friday","4","40","13","3.0769","40","19.92","14.50","24.25","43.88","67.15","20.22","1.00","95.00"
"2025","4","5","Friday","5","35","13","2.6923","35","19.46","14.00","27.50","40.80","48.20","17.54","0.80","76.00"
"2025","4","5","Friday","6","36","13","2.7692","35","21.76","14.00","26.50","53.59","58.20","25.09","0.43","122.00"
"2025","4","5","Friday","7","65","13","5.0000","64","15.51","8.00","24.25","39.70","56.40","17.35","0.20","70.92"
"2025","4","5","Friday","8","83","13","6.3846","83","9.85","6.00","12.64","22.91","25.96","10.51","0.10","68.00"
"2025","4","5","Friday","9","116","13","8.9231","112","7.31","5.00","10.00","17.00","20.38","6.51","0.07","33.00"
"2025","4","5","Friday","10","152","13","11.6923","150","5.43","4.00","6.50","12.44","15.55","4.79","0.33","28.00"
"2025","4","5","Friday","11","169","13","13.0000","164","4.77","4.00","6.00","9.00","11.00","3.23","0.12","17.00"
"2025","4","5","Friday","12","165","13","12.6923","158","4.75","4.00","6.00","9.08","11.12","3.26","0.58","21.00"
"2025","4","5","Friday","13","166","13","12.7692","161","4.94","4.00","6.00","9.00","12.00","4.18","0.02","26.00"
"2025","4","5","Friday","14","175","13","13.4615","165","4.70","3.27","6.00","10.00","13.00","3.89","0.03","22.00"
"2025","4","5","Friday","15","163","13","12.5385","159","4.98","4.00","6.00","9.60","13.10","3.93","0.03","25.00"
"2025","4","5","Friday","16","154","13","11.8462","150","5.05","4.00","6.85","10.00","14.33","4.13","0.48","24.00"
"2025","4","5","Friday","17","141","13","10.8462","138","5.61","4.00","6.00","12.30","16.30","5.22","0.78","26.20"
"2025","4","5","Friday","18","142","13","10.9231","139","5.30","4.00","6.43","11.00","13.30","4.88","0.07","29.00"
"2025","4","5","Friday","19","138","13","10.6154","135","6.08","4.00","7.00","13.63","19.90","6.68","0.18","38.00"
"2025","4","5","Friday","20","111","13","8.5385","109","6.96","5.00","9.00","14.40","19.76","5.81","0.22","27.00"
"2025","4","5","Friday","21","115","13","8.8462","113","7.04","4.05","9.00","15.00","21.00","6.88","1.00","46.00"
"2025","4","5","Friday","22","101","13","7.7692","98","7.67","5.00","10.75","17.00","22.45","6.89","0.12","30.00"
"2025","4","5","Friday","23","107","13","8.2308","101","7.61","5.00","10.00","18.00","20.78","6.58","0.50","32.85"
"2025","4","6","Saturday","0","79","13","6.0769","79","9.63","6.00","12.00","18.09","25.40","9.6","1.00","55.00"
"2025","4","6","Saturday","1","49","13","3.7692","47","13.06","8.00","21.50","27.56","32.00","11.33","1.00","47.73"
"2025","4","6","Saturday","2","52","13","4.0000","52","17.61","10.00","21.50","40.50","56.30","19.71","1.00","102.00"
"2025","4","6","Saturday","3","41","13","3.1538","40","15.70","12.75","24.22","37.00","37.07","12.32","0.38","39.00"
"2025","4","6","Saturday","4","39","13","3.0000","39","23.60","12.67","31.50","52.60","57.50","25.78","1.00","134.00"
"2025","4","6","Saturday","5","56","13","4.3077","56","13.07","10.00","17.00","27.00","37.25","11.98","0.58","59.00"
"2025","4","6","Saturday","6","59","13","4.5385","55","16.09","7.42","20.50","36.22","50.20","20.62","0.38","102.00"
"2025","4","6","Saturday","7","91","13","7.0000","91","8.45","5.00","12.00","19.00","26.53","10.8","0.35","80.00"
"2025","4","6","Saturday","8","93","13","7.1538","91","9.11","6.00","11.00","24.00","30.62","9.35","0.07","42.00"
"2025","4","6","Saturday","9","113","13","8.6923","111","7.42","5.85","9.70","15.00","22.50","6.94","0.32","40.00"
"2025","4","6","Saturday","10","95","13","7.3077","95","7.70","5.00","10.50","17.26","23.54","7.27","0.30","33.00"
"2025","4","6","Saturday","11","124","13","9.5385","123","6.39","5.00","8.00","14.00","18.00","5.22","0.45","23.63"
"2025","4","6","Saturday","12","137","13","10.5385","132","5.94","4.00","8.21","12.00","16.45","5.57","0.13","42.00"
"2025","4","6","Saturday","13","149","13","11.4615","146","5.42","4.00","6.75","12.00","15.00","4.3","0.63","21.00"
"2025","4","6","Saturday","14","162","13","12.4615","157","4.93","3.53","6.00","9.40","13.00","4.5","0.22","34.00"
"2025","4","6","Saturday","15","124","13","9.5385","124","6.44","4.50","7.91","13.70","16.80","6.43","0.27","47.58"
"2025","4","6","Saturday","16","124","13","9.5385","120","6.18","5.00","7.41","13.00","15.05","5.03","0.18","28.00"
"2025","4","6","Saturday","17","121","13","9.3077","114","6.70","4.50","8.00","16.68","18.54","5.98","0.03","28.30"
"2025","4","6","Saturday","18","115","13","8.8462","113","7.02","4.00","8.70","17.55","21.00","6.9","0.22","33.78"
"2025","4","6","Saturday","19","112","13","8.6154","111","7.16","5.00","11.30","15.00","18.50","6.42","0.13","32.00"
"2025","4","6","Saturday","20","111","13","8.5385","108","6.26","4.43","8.00","12.01","14.00","5.86","0.28","36.00"
"2025","4","6","Saturday","21","81","13","6.2308","80","11.29","6.74","13.00","29.21","32.05","11.17","0.85","53.00"
"2025","4","6","Saturday","22","111","13","8.5385","107","7.36","5.00","9.68","15.00","18.77","6.43","0.02","35.00"
"2025","4","6","Saturday","23","103","13","7.9231","100","7.16","6.00","9.93","15.00","21.00","5.57","0.23","24.83"
"2025","4","7","Sunday","0","68","13","5.2308","68","11.46","8.00","15.33","26.00","32.95","12.15","0.38","71.00"
"2025","4","7","Sunday","1","61","13","4.6923","61","11.69","7.00","13.00","30.00","41.00","12.71","0.27","50.63"
"2025","4","7","Sunday","2","39","13","3.0000","39","20.56","18.00","25.87","53.80","63.51","19.07","1.00","73.00"
"2025","4","7","Sunday","3","34","13","2.6154","33","18.14","14.00","21.93","32.81","55.60","16.91","1.00","69.00"
"2025","4","7","Sunday","4","37","13","2.8462","37","23.01","15.00","33.00","45.40","64.41","19.88","0.35","78.00"
"2025","4","7","Sunday","5","35","13","2.6923","34","21.21","17.00","30.45","49.50","57.70","17.76","0.70","61.00"
"2025","4","7","Sunday","6","52","13","4.0000","49","18.85","11.00","27.00","50.00","54.00","18.27","0.12","66.85"
"2025","4","7","Sunday","7","45","13","3.4615","45","17.83","12.00","27.00","34.23","38.60","18.54","1.00","95.00"
"2025","4","7","Sunday","8","78","13","6.0000","76","10.21","6.00","12.06","25.50","29.09","11.63","1.00","76.00"
"2025","4","7","Sunday","9","114","13","8.7692","112","7.57","4.00","8.00","17.80","25.79","9.77","0.02","72.00"
"2025","4","7","Sunday","10","146","13","11.2308","141","5.66","4.00","7.00","12.00","17.00","5.97","0.03","36.48"
"2025","4","7","Sunday","11","138","13","10.6154","133","6.16","5.00","9.00","14.00","16.40","5.18","0.07","24.00"
"2025","4","7","Sunday","12","146","13","11.2308","141","5.40","4.00","6.00","13.00","16.00","4.93","0.13","28.00"
"2025","4","7","Sunday","13","141","13","10.8462","137","5.82","4.70","7.00","12.00","17.16","4.97","0.08","28.00"
"2025","4","7","Sunday","14","117","13","9.0000","114","6.58","5.00","9.75","13.98","15.70","5.01","0.02","22.00"
"2025","4","7","Sunday","15","139","13","10.6923","134","5.90","4.00","7.66","11.70","15.00","5.26","0.08","35.00"
"2025","4","7","Sunday","16","121","13","9.3077","119","6.75","4.00","8.97","14.00","21.10","6.67","0.13","38.00"
"2025","4","7","Sunday","17","122","13","9.3846","116","6.33","5.00","8.00","13.47","17.70","5.33","0.15","29.17"
"2025","4","7","Sunday","18","121","13","9.3077","117","6.96","4.47","10.00","15.80","20.88","6.68","0.15","37.00"
"2025","4","7","Sunday","19","112","13","8.6154","110","7.20","5.00","9.00","15.10","22.10","6.91","1.00","38.90"
"2025","4","7","Sunday","20","105","13","8.0769","103","7.05","5.00","9.84","13.00","17.80","5.85","0.25","37.38"
"2025","4","7","Sunday","21","107","13","8.2308","102","7.98","5.69","8.21","15.89","24.90","8.12","0.02","54.00"
"2025","4","7","Sunday","22","78","13","6.0000","78","9.15","6.03","12.00","20.30","25.00","8.22","0.35","40.00"
"2025","4","7","Sunday","23","79","13","6.0769","77","10.24","7.00","13.00","18.40","24.47","11.34","1.00","79.00"
